18, 2000000, , , , 
19, 2000005, 2000001, , , 
20, 2000010, 2000006, 2000002, , 
21, 2000015, 2000011, 2000007, 2000003, 
22, , 2000016, 2000012, 2000008, 
23, , , 2000017, 2000013, 
24, , , , 2000018, 
36, 2000020, , , , 
37, 2000025, 2000021, , , 
38, 2000030, 2000026, 2000022, , 
39, 2000035, 2000031, 2000027, 2000023, 
40, , 2000036, 2000032, 2000028, 
41, , , 2000037, 2000033, 
42, , , , 2000038, 
54, 2000040, , , , 
55, 2000045, 2000041, , , 
56, 2000050, 2000046, 2000042, , 
57, 2000055, 2000051, 2000047, 2000043, 
58, , 2000056, 2000052, 2000048, 
59, , , 2000057, 2000053, 
60, , , , 2000058, 
72, 2000060, , , , 
73, 2000065, 2000061, , , 
74, 2000070, 2000066, 2000062, , 
75, 2000075, 2000071, 2000067, 2000063, 
76, , 2000076, 2000072, 2000068, 
77, , , 2000077, 2000073, 
78, , , , 2000078, 
90, 2000080, , , , 
91, 2000085, 2000081, , , 
92, 2000090, 2000086, 2000082, , 
93, 2000095, 2000091, 2000087, 2000083, 
94, , 2000096, 2000092, 2000088, 
95, , , 2000097, 2000093, 
96, , , , 2000098, 
108, 2000100, , , , 
109, , 2000101, , , 
110, , , 2000102, , 
111, , , , 2000103, 
126, 2000120, , , , 
127, , 2000121, , , 
128, , , 2000122, , 
129, , , , 2000123, 
144, 2000004, , , , 
145, 2000009, , , , 
146, 2000014, , , , 
147, 2000019, , , , 
162, 2000024, , , , 
163, 2000029, , , , 
164, 2000034, , , , 
165, 2000039, , , , 
180, 2000044, , , , 
181, 2000049, , , , 
182, 2000054, , , , 
183, 2000059, , , , 
198, 2000064, , , , 
199, 2000069, , , , 
200, 2000074, , , , 
201, 2000079, , , , 
216, 2000084, , , , 
217, 2000089, , , , 
218, 2000094, , , , 
219, 2000099, , , , 
234, 2000104, , , , 
252, 2000124, , , , 
